file name,pii field,category,bucket,risk,file extension
forms.csv,Copyright License,miscellaneous,Unknown,,csv
forms.csv,Royal Ba,organization,Miscellaneous,3,csv
forms.csv,Security,organization,Miscellaneous,3,csv
form_queries.csv,1,personal,Personal,7,csv
form_queries.csv,2,personal,Personal,7,csv
form_queries.csv,3,personal,Personal,7,csv
form_queries.csv,4,personal,Personal,7,csv
form_queries.csv,5,personal,Personal,7,csv
form_queries.csv,6,personal,Personal,7,csv
form_queries.csv,7,personal,Personal,7,csv
form_queries.csv,8,personal,Personal,7,csv
form_queries.csv,9,personal,Personal,7,csv
form_queries.csv,10,personal,Personal,7,csv
form_queries.csv,11,personal,Personal,7,csv
form_queries.csv,12,personal,Personal,7,csv
form_queries.csv,13,personal,Personal,7,csv
form_queries.csv,14,personal,Personal,7,csv
form_queries.csv,15,personal,Personal,7,csv
form_queries.csv,16,personal,Personal,7,csv
form_queries.csv,17,personal,Personal,7,csv
form_queries.csv,18,personal,Personal,7,csv
form_queries.csv,19,personal,Personal,7,csv
form_queries.csv,20,personal,Personal,7,csv
form_queries.csv,21,personal,Personal,7,csv
form_queries.csv,22,personal,Personal,7,csv
form_queries.csv,23,personal,Personal,7,csv
form_queries.csv,24,personal,Personal,7,csv
form_queries.csv,25,personal,Personal,7,csv
form_queries.csv,26,personal,Personal,7,csv
form_queries.csv,27,personal,Personal,7,csv
form_queries.csv,28,personal,Personal,7,csv
form_queries.csv,29,personal,Personal,7,csv
form_queries.csv,30,personal,Personal,7,csv
form_queries.csv,31,personal,Personal,7,csv
form_queries.csv,32,personal,Personal,7,csv
form_queries.csv,33,personal,Personal,7,csv
form_queries.csv,34,personal,Personal,7,csv
form_queries.csv,35,personal,Personal,7,csv
form_queries.csv,36,personal,Personal,7,csv
form_queries.csv,37,personal,Personal,7,csv
form_queries.csv,38,personal,Personal,7,csv
form_queries.csv,39,personal,Personal,7,csv
form_queries.csv,40,personal,Personal,7,csv
form_queries.csv,41,personal,Personal,7,csv
form_queries.csv,42,personal,Personal,7,csv
form_queries.csv,43,personal,Personal,7,csv
form_queries.csv,44,personal,Personal,7,csv
form_queries.csv,45,personal,Personal,7,csv
form_queries.csv,46,personal,Personal,7,csv
form_queries.csv,47,personal,Personal,7,csv
form_queries.csv,48,personal,Personal,7,csv
form_queries.csv,49,personal,Personal,7,csv
form_queries.csv,50,personal,Personal,7,csv
form_queries.csv,51,personal,Personal,7,csv
form_queries.csv,52,personal,Personal,7,csv
form_queries.csv,53,personal,Personal,7,csv
form_queries.csv,54,personal,Personal,7,csv
form_queries.csv,55,personal,Personal,7,csv
form_queries.csv,56,personal,Personal,7,csv
form_queries.csv,57,personal,Personal,7,csv
form_queries.csv,58,personal,Personal,7,csv
form_queries.csv,59,personal,Personal,7,csv
form_queries.csv,60,personal,Personal,7,csv
form_queries.csv,61,personal,Personal,7,csv
form_queries.csv,62,personal,Personal,7,csv
form_queries.csv,63,personal,Personal,7,csv
form_queries.csv,64,personal,Personal,7,csv
form_queries.csv,65,personal,Personal,7,csv
form_queries.csv,66,personal,Personal,7,csv
form_queries.csv,67,personal,Personal,7,csv
form_queries.csv,68,personal,Personal,7,csv
form_queries.csv,69,personal,Personal,7,csv
form_queries.csv,70,personal,Personal,7,csv
form_queries.csv,71,personal,Personal,7,csv
form_queries.csv,72,personal,Personal,7,csv
form_queries.csv,73,personal,Personal,7,csv
form_queries.csv,74,personal,Personal,7,csv
form_queries.csv,75,personal,Personal,7,csv
form_queries.csv,76,personal,Personal,7,csv
form_queries.csv,77,personal,Personal,7,csv
form_queries.csv,78,personal,Personal,7,csv
form_queries.csv,79,personal,Personal,7,csv
ques_categories.csv,1,personal,Personal,7,csv
ques_categories.csv,2,personal,Personal,7,csv
ques_categories.csv,3,personal,Personal,7,csv
ques_categories.csv,4,personal,Personal,7,csv
ques_categories.csv,5,personal,Personal,7,csv
services.csv,##mark Copyright,miscellaneous,Unknown,,csv
services.csv,India,location,Personal,6,csv
